secs_elapsed,interval_qps
1,22159
2,21550
3,21942
4,21956
5,22434
6,22448
7,22679
8,22796
9,23121
10,23232
11,23081
12,23485
13,23879
14,23632
15,24197
16,24442
17,24581
18,24815
19,24697
20,25241
21,25016
22,25483
23,26063
24,26128
25,26496
26,26525
27,27063
28,27342
29,27405
30,28043
31,28239
32,28642
33,29234
34,29556
35,29651
36,30295
37,30844
38,31505
39,31601
40,31890
41,32631
42,33271
43,34103
44,34841
45,35373
46,36021
47,36703
48,37543
49,38449
50,39705
51,39701
52,41433
53,42700
54,43869
55,45464
56,46670
57,47682
58,50422
59,51822
60,53688
